<?xml version="1.0" encoding="utf-8"?>
<browserconfig>
  <msapplication>
    <tile>
      <square70x70logo src="https://raw.githubusercontent.com/petsattack/resources/master/favicons/mstile-70x70.png"/>
      <square150x150logo src="https://raw.githubusercontent.com/petsattack/resources/master/favicons/mstile-150x150.png"/>
      <square310x310logo src="https://raw.githubusercontent.com/petsattack/resources/master/favicons/mstile-310x310.png"/>
      <wide310x150logo src="https://raw.githubusercontent.com/petsattack/resources/master/favicons/mstile-310x150.png"/>
      <TileColor>#b91d47</TileColor>
    </tile>
  </msapplication>
</browserconfig>
